what,kind,bundleId,bundleVersion,description,time
executed,command,,,"AUTOGEN:::org.eclipse.jdt.internal.ui.CompilationUnitEditor.ruler.actions/org.eclipse.jdt.internal.ui.javaeditor.JavaSelectRulerAction",1335567879548
executed,command,,,"AUTOGEN:::org.eclipse.jdt.internal.ui.CompilationUnitEditor.ruler.actions/org.eclipse.jdt.internal.ui.javaeditor.JavaSelectRulerAction",1335567882005
deactivated,workbench,org.eclipse.ui.workbench,3.7.0.I20110519-0100,"",1335567884936
activated,workbench,org.eclipse.ui.workbench,3.7.0.I20110519-0100,"",1335567885138
executed,command,org.eclipse.ui,3.7.0.I20110602-0100,"org.eclipse.ui.edit.undo",1335567888549
executed,command,org.eclipse.ui,3.7.0.I20110602-0100,"org.eclipse.ui.edit.undo",1335567889173
executed,command,org.eclipse.ui,3.7.0.I20110602-0100,"org.eclipse.ui.edit.undo",1335567889742
executed,command,org.eclipse.ui,3.7.0.I20110602-0100,"org.eclipse.ui.edit.undo",1335567890746
executed,command,org.eclipse.ui,3.7.0.I20110602-0100,"org.eclipse.ui.file.save",1335567893700
executed,command,org.eclipse.ui,3.7.0.I20110602-0100,"org.eclipse.ui.file.save",1335567899569
executed,command,org.eclipse.ui,3.7.0.I20110602-0100,"org.eclipse.ui.edit.cut",1335567908480
executed,command,org.eclipse.ui,3.7.0.I20110602-0100,"org.eclipse.ui.edit.paste",1335567910989
executed,command,org.eclipse.jdt.ui,3.7.1.r371_v20110824-0800,"org.eclipse.jdt.ui.edit.text.java.format",1335567912167
executed,command,,,"AUTOGEN:::org.eclipse.jdt.internal.ui.CompilationUnitEditor.ruler.actions/org.eclipse.jdt.internal.ui.javaeditor.JavaSelectRulerAction",1335567916040
deactivated,workbench,org.eclipse.ui.workbench,3.7.0.I20110519-0100,"",1335567917335
activated,workbench,org.eclipse.ui.workbench,3.7.0.I20110519-0100,"",1335567917498
executed,command,org.eclipse.jdt.ui,3.7.1.r371_v20110824-0800,"org.eclipse.jdt.ui.edit.text.java.format",1335567917917
executed,command,org.eclipse.jdt.ui,3.7.1.r371_v20110824-0800,"org.eclipse.jdt.ui.edit.text.java.organize.imports",1335567918359
executed,command,org.eclipse.jdt.ui,3.7.1.r371_v20110824-0800,"org.eclipse.jdt.ui.edit.text.java.format",1335567919303
executed,command,org.eclipse.ui,3.7.0.I20110602-0100,"org.eclipse.ui.file.save",1335567920093
executed,command,org.eclipse.ui,3.7.0.I20110602-0100,"org.eclipse.ui.edit.copy",1335567924936
started,bundle,org.eclipse.mylyn.java.tasks,3.6.0.v20110608-1400,"org.eclipse.mylyn.java.tasks",1335567925047
executed,command,org.eclipse.ui,3.7.0.I20110602-0100,"org.eclipse.ui.edit.paste",1335567926380
executed,command,org.eclipse.ui,3.7.0.I20110602-0100,"org.eclipse.ui.file.save",1335567929789
executed,command,org.eclipse.jdt.ui,3.7.1.r371_v20110824-0800,"org.eclipse.jdt.ui.edit.text.java.format",1335567930119
executed,command,org.eclipse.jdt.ui,3.7.1.r371_v20110824-0800,"org.eclipse.jdt.ui.edit.text.java.format",1335567930969
executed,command,org.eclipse.jdt.ui,3.7.1.r371_v20110824-0800,"org.eclipse.jdt.ui.edit.text.java.format",1335567931725
executed,command,org.eclipse.jdt.ui,3.7.1.r371_v20110824-0800,"org.eclipse.jdt.ui.edit.text.java.organize.imports",1335567932519
executed,command,org.eclipse.jdt.ui,3.7.1.r371_v20110824-0800,"org.eclipse.jdt.ui.edit.text.java.format",1335567932729
executed,command,org.eclipse.jdt.ui,3.7.1.r371_v20110824-0800,"org.eclipse.jdt.ui.edit.text.java.format",1335567939864
executed,command,org.eclipse.jdt.ui,3.7.1.r371_v20110824-0800,"org.eclipse.jdt.ui.edit.text.java.format",1335567940190
executed,command,org.eclipse.ui,3.7.0.I20110602-0100,"org.eclipse.ui.file.save",1335567940749
executed,command,org.eclipse.ui,3.7.0.I20110602-0100,"org.eclipse.ui.edit.text.contentAssist.proposals",1335567946434
executed,command,org.eclipse.ui,3.7.0.I20110602-0100,"org.eclipse.ui.edit.text.contentAssist.proposals",1335567948386
executed,command,org.eclipse.ui,3.7.0.I20110602-0100,"org.eclipse.ui.edit.text.contentAssist.proposals",1335567950981
deactivated,workbench,org.eclipse.ui.workbench,3.7.0.I20110519-0100,"",1335567952353
activated,workbench,org.eclipse.ui.workbench,3.7.0.I20110519-0100,"",1335567958127
executed,command,org.eclipse.ui,3.7.0.I20110602-0100,"org.eclipse.ui.edit.paste",1335567961922
executed,command,org.eclipse.jdt.ui,3.7.1.r371_v20110824-0800,"org.eclipse.jdt.ui.edit.text.java.format",1335567966438
executed,command,org.eclipse.jdt.ui,3.7.1.r371_v20110824-0800,"org.eclipse.jdt.ui.edit.text.java.organize.imports",1335567967152
executed,command,org.eclipse.ui,3.7.0.I20110602-0100,"org.eclipse.ui.file.save",1335567969554
executed,command,,,"AUTOGEN:::org.eclipse.jdt.internal.ui.CompilationUnitEditor.ruler.actions/org.eclipse.jdt.internal.ui.javaeditor.JavaSelectRulerAction",1335567976809
deactivated,workbench,org.eclipse.ui.workbench,3.7.0.I20110519-0100,"",1335567980525
activated,workbench,org.eclipse.ui.workbench,3.7.0.I20110519-0100,"",1335567980702
executed,command,org.eclipse.ui,3.7.0.I20110602-0100,"org.eclipse.ui.file.save",1335567981474
executed,command,org.eclipse.jdt.ui,3.7.1.r371_v20110824-0800,"org.eclipse.jdt.ui.edit.text.java.format",1335567983325
executed,command,org.eclipse.jdt.ui,3.7.1.r371_v20110824-0800,"org.eclipse.jdt.ui.edit.text.java.organize.imports",1335567983575
executed,command,org.eclipse.ui,3.7.0.I20110602-0100,"org.eclipse.ui.edit.text.contentAssist.proposals",1335567996819
executed,command,org.eclipse.jdt.ui,3.7.1.r371_v20110824-0800,"org.eclipse.jdt.ui.edit.text.java.format",1335568001324
executed,command,org.eclipse.jdt.ui,3.7.1.r371_v20110824-0800,"org.eclipse.jdt.ui.edit.text.java.organize.imports",1335568001813
executed,command,org.eclipse.ui,3.7.0.I20110602-0100,"org.eclipse.ui.file.save",1335568001883
executed,command,,,"AUTOGEN:::org.eclipse.jdt.internal.ui.CompilationUnitEditor.ruler.actions/org.eclipse.jdt.internal.ui.javaeditor.JavaSelectRulerAction",1335568006555
executed,command,org.eclipse.ui,3.7.0.I20110602-0100,"org.eclipse.ui.edit.text.contentAssist.proposals",1335568040471
executed,command,org.eclipse.ui,3.7.0.I20110602-0100,"org.eclipse.ui.edit.text.contentAssist.proposals",1335568042780
executed,command,org.eclipse.ui,3.7.0.I20110602-0100,"org.eclipse.ui.edit.text.contentAssist.proposals",1335568045186
executed,command,org.eclipse.ui,3.7.0.I20110602-0100,"org.eclipse.ui.edit.text.contentAssist.proposals",1335568059847
executed,command,,,"AUTOGEN:::org.eclipse.jdt.internal.ui.CompilationUnitEditor.ruler.actions/org.eclipse.jdt.internal.ui.javaeditor.JavaSelectRulerAction",1335568111875
deactivated,workbench,org.eclipse.ui.workbench,3.7.0.I20110519-0100,"",1335568156623
activated,workbench,org.eclipse.ui.workbench,3.7.0.I20110519-0100,"",1335568270175
executed,command,org.eclipse.jdt.ui,3.7.1.r371_v20110824-0800,"org.eclipse.jdt.ui.edit.text.java.format",1335568292005
executed,command,org.eclipse.jdt.ui,3.7.1.r371_v20110824-0800,"org.eclipse.jdt.ui.edit.text.java.organize.imports",1335568292250
executed,command,org.eclipse.ui,3.7.0.I20110602-0100,"org.eclipse.ui.file.save",1335568292569
deactivated,workbench,org.eclipse.ui.workbench,3.7.0.I20110519-0100,"",1335568313350
activated,workbench,org.eclipse.ui.workbench,3.7.0.I20110519-0100,"",1335568496576
executed,command,org.eclipse.ui,3.7.0.I20110602-0100,"org.eclipse.ui.edit.text.contentAssist.proposals",1335568508900
executed,command,org.eclipse.ui,3.7.0.I20110602-0100,"org.eclipse.ui.edit.text.contentAssist.proposals",1335568514701
executed,command,org.eclipse.ui,3.7.0.I20110602-0100,"org.eclipse.ui.edit.text.contentAssist.proposals",1335568517005
executed,command,org.eclipse.ui,3.7.0.I20110602-0100,"org.eclipse.ui.edit.text.contentAssist.proposals",1335568519019
deactivated,workbench,org.eclipse.ui.workbench,3.7.0.I20110519-0100,"",1335568531482
activated,workbench,org.eclipse.ui.workbench,3.7.0.I20110519-0100,"",1335568587181
executed,command,org.eclipse.ui,3.7.0.I20110602-0100,"org.eclipse.ui.file.save",1335568620893
executed,command,org.eclipse.ui,3.7.0.I20110602-0100,"org.eclipse.ui.edit.text.contentAssist.proposals",1335568628849
executed,command,org.eclipse.jdt.ui,3.7.1.r371_v20110824-0800,"org.eclipse.jdt.ui.edit.text.java.format",1335568630531
executed,command,org.eclipse.jdt.ui,3.7.1.r371_v20110824-0800,"org.eclipse.jdt.ui.edit.text.java.organize.imports",1335568630758
executed,command,org.eclipse.ui,3.7.0.I20110602-0100,"org.eclipse.ui.file.save",1335568631274
executed,command,org.eclipse.ui,3.7.0.I20110602-0100,"org.eclipse.ui.file.save",1335568644933
executed,command,org.eclipse.jdt.ui,3.7.1.r371_v20110824-0800,"org.eclipse.jdt.ui.edit.text.java.format",1335568646372
executed,command,org.eclipse.jdt.ui,3.7.1.r371_v20110824-0800,"org.eclipse.jdt.ui.edit.text.java.organize.imports",1335568647286
executed,command,org.eclipse.ui,3.7.0.I20110602-0100,"org.eclipse.ui.file.save",1335568647350
executed,command,org.eclipse.ui,3.7.0.I20110602-0100,"org.eclipse.ui.edit.text.contentAssist.proposals",1335568724297
executed,command,org.eclipse.ui,3.7.0.I20110602-0100,"org.eclipse.ui.file.save",1335568725294
executed,command,org.eclipse.jdt.ui,3.7.1.r371_v20110824-0800,"org.eclipse.jdt.ui.edit.text.java.format",1335568725670
executed,command,org.eclipse.jdt.ui,3.7.1.r371_v20110824-0800,"org.eclipse.jdt.ui.edit.text.java.organize.imports",1335568726476
executed,command,org.eclipse.ui,3.7.0.I20110602-0100,"org.eclipse.ui.file.save",1335568726529
executed,command,org.eclipse.ui,3.7.0.I20110602-0100,"org.eclipse.ui.edit.copy",1335568729289
executed,command,org.eclipse.ui,3.7.0.I20110602-0100,"org.eclipse.ui.edit.paste",1335568731625
executed,command,org.eclipse.jdt.ui,3.7.1.r371_v20110824-0800,"org.eclipse.jdt.ui.edit.text.java.format",1335568732940
executed,command,org.eclipse.ui,3.7.0.I20110602-0100,"org.eclipse.ui.file.save",1335568733911
deactivated,workbench,org.eclipse.ui.workbench,3.7.0.I20110519-0100,"",1335568741623
activated,workbench,org.eclipse.ui.workbench,3.7.0.I20110519-0100,"",1335568742935
deactivated,workbench,org.eclipse.ui.workbench,3.7.0.I20110519-0100,"",1335568745636
activated,workbench,org.eclipse.ui.workbench,3.7.0.I20110519-0100,"",1335568754551
executed,command,org.eclipse.ui,3.7.0.I20110602-0100,"org.eclipse.ui.edit.text.contentAssist.proposals",1335568767303
executed,command,org.eclipse.ui,3.7.0.I20110602-0100,"org.eclipse.ui.edit.text.contentAssist.proposals",1335568768628
executed,command,org.eclipse.ui,3.7.0.I20110602-0100,"org.eclipse.ui.file.save",1335568773011
executed,command,org.eclipse.jdt.ui,3.7.1.r371_v20110824-0800,"org.eclipse.jdt.ui.edit.text.java.format",1335568773405
executed,command,org.eclipse.jdt.ui,3.7.1.r371_v20110824-0800,"org.eclipse.jdt.ui.edit.text.java.organize.imports",1335568773541
executed,command,org.eclipse.ui,3.7.0.I20110602-0100,"org.eclipse.ui.edit.text.contentAssist.proposals",1335568781643
executed,command,org.eclipse.ui,3.7.0.I20110602-0100,"org.eclipse.ui.edit.text.contentAssist.proposals",1335568783999
executed,command,org.eclipse.ui,3.7.0.I20110602-0100,"org.eclipse.ui.edit.text.contentAssist.proposals",1335568785968
executed,command,org.eclipse.ui,3.7.0.I20110602-0100,"org.eclipse.ui.edit.text.contentAssist.proposals",1335568792202
executed,command,org.eclipse.ui,3.7.0.I20110602-0100,"org.eclipse.ui.edit.text.contentAssist.proposals",1335568796955
executed,command,org.eclipse.ui,3.7.0.I20110602-0100,"org.eclipse.ui.edit.text.contentAssist.proposals",1335568804241
deactivated,workbench,org.eclipse.ui.workbench,3.7.0.I20110519-0100,"",1335568805610
activated,workbench,org.eclipse.ui.workbench,3.7.0.I20110519-0100,"",1335568805781
deactivated,workbench,org.eclipse.ui.workbench,3.7.0.I20110519-0100,"",1335568806988
activated,workbench,org.eclipse.ui.workbench,3.7.0.I20110519-0100,"",1335568807165
executed,command,org.eclipse.jdt.ui,3.7.1.r371_v20110824-0800,"org.eclipse.jdt.ui.edit.text.java.format",1335568808867
executed,command,org.eclipse.jdt.ui,3.7.1.r371_v20110824-0800,"org.eclipse.jdt.ui.edit.text.java.organize.imports",1335568809044
executed,command,org.eclipse.ui,3.7.0.I20110602-0100,"org.eclipse.ui.file.save",1335568809241
activated,view,org.eclipse.jdt.ui,3.7.1.r371_v20110824-0800,"org.eclipse.jdt.ui.PackageExplorer",1335568811953
started,bundle,org.eclipse.debug.ui,3.7.101.v20110817_r371,"org.eclipse.debug.ui",1335568813390
started,bundle,org.eclipse.jdt.debug,3.7.1.v20110802_r371,"org.eclipse.jdt.debug",1335568816436
started,bundle,org.eclipse.jdt.debug.ui,3.6.1.v20110803_r371,"org.eclipse.jdt.debug.ui",1335568816485
executed,command,org.eclipse.jdt.debug.ui,3.6.1.v20110803_r371,"org.eclipse.jdt.debug.ui.localJavaShortcut.run",1335568816614
opened,view,org.eclipse.ui.console,3.5.100.v20110511,"org.eclipse.ui.console.ConsoleView",1335568817252
activated,view,org.eclipse.ui.console,3.5.100.v20110511,"org.eclipse.ui.console.ConsoleView",1335568822049
deactivated,workbench,org.eclipse.ui.workbench,3.7.0.I20110519-0100,"",1335568822506
activated,workbench,org.eclipse.ui.workbench,3.7.0.I20110519-0100,"",1335568824522
activated,editor,org.eclipse.jdt.ui,3.7.1.r371_v20110824-0800,"org.eclipse.jdt.ui.CompilationUnitEditor",1335568825581
activated,view,org.eclipse.ui.console,3.5.100.v20110511,"org.eclipse.ui.console.ConsoleView",1335568828140
activated,editor,org.eclipse.jdt.ui,3.7.1.r371_v20110824-0800,"org.eclipse.jdt.ui.CompilationUnitEditor",1335568828229
activated,view,org.eclipse.ui.console,3.5.100.v20110511,"org.eclipse.ui.console.ConsoleView",1335568831102
activated,editor,org.eclipse.jdt.ui,3.7.1.r371_v20110824-0800,"org.eclipse.jdt.ui.CompilationUnitEditor",1335568831196
executed,command,org.eclipse.ui,3.7.0.I20110602-0100,"org.eclipse.ui.edit.text.contentAssist.proposals",1335568838791
executed,command,org.eclipse.ui,3.7.0.I20110602-0100,"org.eclipse.ui.edit.text.contentAssist.proposals",1335568841482
executed,command,org.eclipse.ui,3.7.0.I20110602-0100,"org.eclipse.ui.edit.text.contentAssist.proposals",1335568843419
executed,command,org.eclipse.ui,3.7.0.I20110602-0100,"org.eclipse.ui.file.save",1335568846181
executed,command,,,"AUTOGEN:::org.eclipse.jdt.debug.CompilationUnitEditor.BreakpointRulerActions/org.eclipse.jdt.debug.ui.actions.ManageBreakpointRulerAction",1335568848369
activated,view,org.eclipse.jdt.ui,3.7.1.r371_v20110824-0800,"org.eclipse.jdt.ui.PackageExplorer",1335568850041
executed,command,org.eclipse.jdt.debug.ui,3.6.1.v20110803_r371,"org.eclipse.jdt.debug.ui.localJavaShortcut.debug",1335568852247
deactivated,workbench,org.eclipse.ui.workbench,3.7.0.I20110519-0100,"",1335568852871
activated,workbench,org.eclipse.ui.workbench,3.7.0.I20110519-0100,"",1335568855495
error,log,,,"Referenced part does not exist yet: org.eclipse.ui.views.ProblemView.",1335568855574
opened,view,org.eclipse.debug.ui,3.7.101.v20110817_r371,"org.eclipse.debug.ui.DebugView",1335568855857
opened,view,org.eclipse.debug.ui,3.7.101.v20110817_r371,"org.eclipse.debug.ui.VariableView",1335568855961
opened,view,com.android.ide.eclipse.ddms,15.0.0.v201110251216-213216,"com.android.ide.eclipse.ddms.views.LogCatView",1335568856055
activated,perspective,org.eclipse.debug.ui,3.7.101.v20110817_r371,"org.eclipse.debug.ui.DebugPerspective",1335568856124
activated,editor,org.eclipse.jdt.ui,3.7.1.r371_v20110824-0800,"org.eclipse.jdt.ui.CompilationUnitEditor",1335568856152
opened,view,org.eclipse.debug.ui,3.7.101.v20110817_r371,"org.eclipse.debug.ui.BreakpointView",1335568857013
activated,view,org.eclipse.debug.ui,3.7.101.v20110817_r371,"org.eclipse.debug.ui.DebugView",1335568859539
executed,command,org.eclipse.debug.ui,3.7.101.v20110817_r371,"org.eclipse.debug.ui.commands.StepOver",1335568860095
executed,command,org.eclipse.debug.ui,3.7.101.v20110817_r371,"org.eclipse.debug.ui.commands.StepOver",1335568863219
executed,command,org.eclipse.debug.ui,3.7.101.v20110817_r371,"org.eclipse.debug.ui.commands.StepOver",1335568865194
executed,command,org.eclipse.debug.ui,3.7.101.v20110817_r371,"org.eclipse.debug.ui.commands.StepOver",1335568866051
deactivated,workbench,org.eclipse.ui.workbench,3.7.0.I20110519-0100,"",1335568870763
activated,workbench,org.eclipse.ui.workbench,3.7.0.I20110519-0100,"",1335568876923
executed,command,org.eclipse.debug.ui,3.7.101.v20110817_r371,"org.eclipse.debug.ui.commands.Resume",1335568877023
executed,command,org.eclipse.debug.ui,3.7.101.v20110817_r371,"org.eclipse.debug.ui.commands.StepOver",1335568880804
opened,editor,org.eclipse.debug.ui,3.7.101.v20110817_r371,"org.eclipse.debug.ui.sourcelookup.CommonSourceNotFoundEditor",1335568880966
executed,command,org.eclipse.debug.ui,3.7.101.v20110817_r371,"org.eclipse.debug.ui.commands.Resume",1335568883451
closed,editor,org.eclipse.debug.ui,3.7.101.v20110817_r371,"org.eclipse.debug.ui.sourcelookup.CommonSourceNotFoundEditor",1335568883615
activated,editor,org.eclipse.jdt.ui,3.7.1.r371_v20110824-0800,"org.eclipse.jdt.ui.CompilationUnitEditor",1335568885601
activated,perspective,org.eclipse.jst.j2ee.ui,1.1.501.v201108231700,"org.eclipse.jst.j2ee.J2EEPerspective",1335568920456
activated,view,org.eclipse.ui,3.7.0.I20110602-0100,"org.eclipse.ui.internal.introview",1335568920485
activated,view,org.eclipse.ui.navigator.resources,3.4.300.I20110421-1800,"org.eclipse.ui.navigator.ProjectExplorer",1335568920564
activated,editor,org.eclipse.jdt.ui,3.7.1.r371_v20110824-0800,"org.eclipse.jdt.ui.CompilationUnitEditor",1335568920598
closed,view,org.eclipse.ui,3.7.0.I20110602-0100,"org.eclipse.ui.internal.introview",1335568920616
executed,command,org.eclipse.ui,3.7.0.I20110602-0100,"org.eclipse.ui.edit.cut",1335568926031
executed,command,org.eclipse.ui,3.7.0.I20110602-0100,"org.eclipse.ui.edit.paste",1335568930674
executed,command,org.eclipse.ui,3.7.0.I20110602-0100,"org.eclipse.ui.file.save",1335568937074
executed,command,org.eclipse.ui,3.7.0.I20110602-0100,"org.eclipse.ui.edit.undo",1335568938543
executed,command,org.eclipse.ui,3.7.0.I20110602-0100,"org.eclipse.ui.edit.undo",1335568939143
executed,command,org.eclipse.ui,3.7.0.I20110602-0100,"org.eclipse.ui.edit.text.contentAssist.proposals",1335568942944
executed,command,org.eclipse.ui,3.7.0.I20110602-0100,"org.eclipse.ui.file.save",1335568976768
deactivated,workbench,org.eclipse.ui.workbench,3.7.0.I20110519-0100,"",1335568978629
activated,workbench,org.eclipse.ui.workbench,3.7.0.I20110519-0100,"",1335569201834
deactivated,workbench,org.eclipse.ui.workbench,3.7.0.I20110519-0100,"",1335569202981
activated,workbench,org.eclipse.ui.workbench,3.7.0.I20110519-0100,"",1335569255118
deactivated,workbench,org.eclipse.ui.workbench,3.7.0.I20110519-0100,"",1335569256912
activated,workbench,org.eclipse.ui.workbench,3.7.0.I20110519-0100,"",1335569270252
deactivated,workbench,org.eclipse.ui.workbench,3.7.0.I20110519-0100,"",1335569295559
activated,workbench,org.eclipse.ui.workbench,3.7.0.I20110519-0100,"",1335569302488
executed,command,org.eclipse.ui,3.7.0.I20110602-0100,"org.eclipse.ui.edit.paste",1335569303799
executed,command,org.eclipse.ui,3.7.0.I20110602-0100,"org.eclipse.ui.edit.undo",1335569304723
deactivated,workbench,org.eclipse.ui.workbench,3.7.0.I20110519-0100,"",1335569318985
activated,workbench,org.eclipse.ui.workbench,3.7.0.I20110519-0100,"",1335569328617
executed,command,org.eclipse.ui,3.7.0.I20110602-0100,"org.eclipse.ui.edit.text.contentAssist.proposals",1335569331331
deactivated,workbench,org.eclipse.ui.workbench,3.7.0.I20110519-0100,"",1335569332999
activated,workbench,org.eclipse.ui.workbench,3.7.0.I20110519-0100,"",1335569344327
executed,command,org.eclipse.ui,3.7.0.I20110602-0100,"org.eclipse.ui.edit.undo",1335569346081
executed,command,org.eclipse.ui,3.7.0.I20110602-0100,"org.eclipse.ui.edit.undo",1335569346473
executed,command,org.eclipse.ui,3.7.0.I20110602-0100,"org.eclipse.ui.edit.undo",1335569346920
executed,command,org.eclipse.ui,3.7.0.I20110602-0100,"org.eclipse.ui.edit.undo",1335569347263
executed,command,org.eclipse.ui,3.7.0.I20110602-0100,"org.eclipse.ui.edit.undo",1335569347595
executed,command,org.eclipse.ui,3.7.0.I20110602-0100,"org.eclipse.ui.edit.undo",1335569347889
executed,command,org.eclipse.ui,3.7.0.I20110602-0100,"org.eclipse.ui.edit.undo",1335569348184
executed,command,org.eclipse.ui,3.7.0.I20110602-0100,"org.eclipse.ui.edit.undo",1335569348585
executed,command,org.eclipse.ui,3.7.0.I20110602-0100,"org.eclipse.ui.edit.undo",1335569348895
executed,command,org.eclipse.ui,3.7.0.I20110602-0100,"org.eclipse.ui.edit.undo",1335569349156
executed,command,org.eclipse.ui,3.7.0.I20110602-0100,"org.eclipse.ui.edit.undo",1335569349542
deactivated,workbench,org.eclipse.ui.workbench,3.7.0.I20110519-0100,"",1335569355752
activated,workbench,org.eclipse.ui.workbench,3.7.0.I20110519-0100,"",1335569363141
started,bundle,org.eclipse.wst.server.core,1.1.303.v20110816_1717,"org.eclipse.wst.server.core",1335569365686
started,bundle,org.eclipse.wst.server.ui,1.1.306.v20110823_1704,"org.eclipse.wst.server.ui",1335569365720
activated,view,org.eclipse.ui.navigator.resources,3.4.300.I20110421-1800,"org.eclipse.ui.navigator.ProjectExplorer",1335569368116
deactivated,workbench,org.eclipse.ui.workbench,3.7.0.I20110519-0100,"",1335569379088
activated,workbench,org.eclipse.ui.workbench,3.7.0.I20110519-0100,"",1335569380491
activated,editor,org.eclipse.jdt.ui,3.7.1.r371_v20110824-0800,"org.eclipse.jdt.ui.CompilationUnitEditor",1335569380525
executed,command,org.eclipse.jdt.ui,3.7.1.r371_v20110824-0800,"org.eclipse.jdt.ui.edit.text.java.organize.imports",1335569380633
executed,command,org.eclipse.ui,3.7.0.I20110602-0100,"org.eclipse.ui.file.save",1335569380980
activated,view,org.eclipse.ui.navigator.resources,3.4.300.I20110421-1800,"org.eclipse.ui.navigator.ProjectExplorer",1335569384062
started,bundle,org.eclipse.mylyn.resources.ui,3.6.0.v20110608-1400,"org.eclipse.mylyn.resources.ui",1335569385725
activated,editor,org.eclipse.jdt.ui,3.7.1.r371_v20110824-0800,"org.eclipse.jdt.ui.CompilationUnitEditor",1335569389266
executed,command,org.eclipse.jdt.debug.ui,3.6.1.v20110803_r371,"org.eclipse.jdt.debug.ui.localJavaShortcut.debug",1335569389272
activated,perspective,org.eclipse.debug.ui,3.7.101.v20110817_r371,"org.eclipse.debug.ui.DebugPerspective",1335569389941
activated,view,org.eclipse.debug.ui,3.7.101.v20110817_r371,"org.eclipse.debug.ui.DebugView",1335569392678
executed,command,org.eclipse.debug.ui,3.7.101.v20110817_r371,"org.eclipse.debug.ui.commands.StepOver",1335569392756
executed,command,org.eclipse.debug.ui,3.7.101.v20110817_r371,"org.eclipse.debug.ui.commands.StepOver",1335569394560
executed,command,org.eclipse.debug.ui,3.7.101.v20110817_r371,"org.eclipse.debug.ui.commands.StepOver",1335569395269
executed,command,org.eclipse.debug.ui,3.7.101.v20110817_r371,"org.eclipse.debug.ui.commands.StepOver",1335569395944
activated,editor,org.eclipse.jdt.ui,3.7.1.r371_v20110824-0800,"org.eclipse.jdt.ui.CompilationUnitEditor",1335569418173
activated,view,org.eclipse.debug.ui,3.7.101.v20110817_r371,"org.eclipse.debug.ui.DebugView",1335569421436
executed,command,org.eclipse.debug.ui,3.7.101.v20110817_r371,"org.eclipse.debug.ui.commands.Resume",1335569421499
deactivated,workbench,org.eclipse.ui.workbench,3.7.0.I20110519-0100,"",1335569424212
activated,workbench,org.eclipse.ui.workbench,3.7.0.I20110519-0100,"",1335569457019
activated,perspective,org.eclipse.jst.j2ee.ui,1.1.501.v201108231700,"org.eclipse.jst.j2ee.J2EEPerspective",1335569463452
activated,editor,org.eclipse.jdt.ui,3.7.1.r371_v20110824-0800,"org.eclipse.jdt.ui.CompilationUnitEditor",1335569463473
executed,command,org.eclipse.ui,3.7.0.I20110602-0100,"org.eclipse.ui.edit.text.contentAssist.proposals",1335569470811
executed,command,org.eclipse.ui,3.7.0.I20110602-0100,"org.eclipse.ui.edit.text.contentAssist.proposals",1335569472974
deactivated,workbench,org.eclipse.ui.workbench,3.7.0.I20110519-0100,"",1335569480781
activated,workbench,org.eclipse.ui.workbench,3.7.0.I20110519-0100,"",1335569482154
executed,command,org.eclipse.jdt.ui,3.7.1.r371_v20110824-0800,"org.eclipse.jdt.ui.edit.text.java.format",1335569500801
executed,command,org.eclipse.jdt.ui,3.7.1.r371_v20110824-0800,"org.eclipse.jdt.ui.edit.text.java.organize.imports",1335569501227
executed,command,,,"AUTOGEN:::org.eclipse.jdt.internal.ui.CompilationUnitEditor.ruler.actions/org.eclipse.jdt.internal.ui.javaeditor.JavaSelectRulerAction",1335569516234
deactivated,workbench,org.eclipse.ui.workbench,3.7.0.I20110519-0100,"",1335569521617
activated,workbench,org.eclipse.ui.workbench,3.7.0.I20110519-0100,"",1335569524479
executed,command,org.eclipse.jdt.ui,3.7.1.r371_v20110824-0800,"org.eclipse.jdt.ui.edit.text.java.format",1335569530316
executed,command,org.eclipse.jdt.ui,3.7.1.r371_v20110824-0800,"org.eclipse.jdt.ui.edit.text.java.organize.imports",1335569530544
executed,command,org.eclipse.ui,3.7.0.I20110602-0100,"org.eclipse.ui.file.save",1335569530838
executed,command,org.eclipse.jdt.ui,3.7.1.r371_v20110824-0800,"org.eclipse.jdt.ui.edit.text.java.format",1335569539198
executed,command,org.eclipse.jdt.ui,3.7.1.r371_v20110824-0800,"org.eclipse.jdt.ui.edit.text.java.organize.imports",1335569540612
executed,command,org.eclipse.ui,3.7.0.I20110602-0100,"org.eclipse.ui.file.save",1335569540899
activated,view,org.eclipse.ui.navigator.resources,3.4.300.I20110421-1800,"org.eclipse.ui.navigator.ProjectExplorer",1335569543349
executed,command,org.eclipse.jdt.debug.ui,3.6.1.v20110803_r371,"org.eclipse.jdt.debug.ui.localJavaShortcut.debug",1335569548142
activated,perspective,org.eclipse.debug.ui,3.7.101.v20110817_r371,"org.eclipse.debug.ui.DebugPerspective",1335569548688
activated,editor,org.eclipse.jdt.ui,3.7.1.r371_v20110824-0800,"org.eclipse.jdt.ui.CompilationUnitEditor",1335569548718
activated,view,org.eclipse.debug.ui,3.7.101.v20110817_r371,"org.eclipse.debug.ui.DebugView",1335569550214
executed,command,org.eclipse.debug.ui,3.7.101.v20110817_r371,"org.eclipse.debug.ui.commands.Resume",1335569550305
executed,command,org.eclipse.debug.ui,3.7.101.v20110817_r371,"org.eclipse.debug.ui.commands.Resume",1335569566421
activated,view,org.eclipse.ui.console,3.5.100.v20110511,"org.eclipse.ui.console.ConsoleView",1335569570443
activated,editor,org.eclipse.jdt.ui,3.7.1.r371_v20110824-0800,"org.eclipse.jdt.ui.CompilationUnitEditor",1335569570541
activated,view,org.eclipse.ui.console,3.5.100.v20110511,"org.eclipse.ui.console.ConsoleView",1335569571806
activated,editor,org.eclipse.jdt.ui,3.7.1.r371_v20110824-0800,"org.eclipse.jdt.ui.CompilationUnitEditor",1335569571902
activated,perspective,org.eclipse.jst.j2ee.ui,1.1.501.v201108231700,"org.eclipse.jst.j2ee.J2EEPerspective",1335569574747
activated,view,org.eclipse.ui.navigator.resources,3.4.300.I20110421-1800,"org.eclipse.ui.navigator.ProjectExplorer",1335569576852
executed,command,org.eclipse.jdt.debug.ui,3.6.1.v20110803_r371,"org.eclipse.jdt.debug.ui.localJavaShortcut.debug",1335569581358
activated,perspective,org.eclipse.debug.ui,3.7.101.v20110817_r371,"org.eclipse.debug.ui.DebugPerspective",1335569581774
activated,editor,org.eclipse.jdt.ui,3.7.1.r371_v20110824-0800,"org.eclipse.jdt.ui.CompilationUnitEditor",1335569581802
activated,view,org.eclipse.debug.ui,3.7.101.v20110817_r371,"org.eclipse.debug.ui.DebugView",1335569588527
